9bb6a3fffe2057dccab44a17a1138dbb9a3e066b,DELETE,regular-file,src/assets/1723282188267.jpg,1583910,
edcc3da557b2b5f6f2f447fa234cbcb0e47ba640,DELETE,regular-file,src/assets/1723282188301.jpg,1954368,
2def2fb5d0a5aad2c95796aeb7b73bb7b5e05de5,DELETE,regular-file,src/assets/1723282188346.jpg,10751746,
1c480fad1119a9ae8d6a49eb48dc4a61672e12e2,DELETE,regular-file,src/assets/1723282188383.jpg,1484812,
03492e57b0b2808a7e5bc54923a0c1265a2669d0,DELETE,regular-file,src/assets/1723282188420.jpg,1666608,
bff11c0fbbc25403b8f3c14e901702aa5eb59ed7,DELETE,regular-file,src/assets/1723282592051.jpg,3645188,
bff11c0fbbc25403b8f3c14e901702aa5eb59ed7,DELETE,regular-file,src/assets/1723282592080.jpg,3645188,
2d25df976d7348f49e9c13a29541bcb456058562,DELETE,regular-file,src/assets/1723282592104.jpg,4086013,
996b3d585ab03cb3fe5e3ecc78cb2a86383ca875,DELETE,regular-file,src/assets/1723282592130.jpg,3618039,
ca08e7e2e9f7b32e17723cee91a2104415b502cf,DELETE,regular-file,src/assets/1723282592156.jpg,3272539,
8ac163701a7970c5969abd93c41e073c8e4ade54,DELETE,regular-file,src/assets/1723282592184.jpg,2682743,
68bc52f55129928c305639bc0afed947672b78c4,DELETE,regular-file,src/assets/1723282592384.jpg,3527898,
bea99535f34d47fd7d64bd75556eb0db5cb67a2a,DELETE,regular-file,src/assets/1723282592434.jpg,2283542,
6250416d6bfb48f514206a943c446de781ee8405,DELETE,regular-file,src/assets/1723282592464.jpg,2160506,
e33521ccfa25af27862d1c8f199c367fe092653b,DELETE,regular-file,src/assets/1723282592517.jpg,2300865,
cbd835c1681b599b837f1d6fa03925cbc7269d6a,DELETE,regular-file,src/assets/1723282592958.jpg,2994121,
0178a8e42c76ccc958b592e8292b22b3f4b2fa7e,DELETE,regular-file,src/assets/1723282593028.jpg,3697588,
30a6264a56bd8983b53090cde3c2cb237ced630d,DELETE,regular-file,src/assets/1723282593091.jpg,3175735,
4b31b5ad6e66abbae48893a46b8bf18f761d529c,DELETE,regular-file,src/assets/1723282593116.jpg,3589175,
2e2f332a733f0a7028c1fe87a9f9b87bd6f3b439,DELETE,regular-file,src/assets/1723282593141.jpg,3708903,
053dc5304339e4217e623c52df6dae3077b7f88a,DELETE,regular-file,src/assets/1723282593165.jpg,3473417,
db39661f6b62040b6f32a808542f49452975e428,DELETE,regular-file,src/assets/1723282593191.jpg,3415443,
199ba967545992a28ee2bfd877a2e08f460980e4,DELETE,regular-file,src/assets/1723282593297.jpg,4275910,
b9580714162ad4f50fca5f9058c06fe4bbde3d09,DELETE,regular-file,src/assets/1723282593322.jpg,4599839,
97ef15fdee73ed9549ab93572afe4354ff95fd58,DELETE,regular-file,src/assets/1723284065451.jpg,11784412,
fd9e2384a21ab94001da8930ab7f6e36916e0ec9,DELETE,regular-file,src/assets/1723284065478.jpg,11123707,
f8d147ba35b5aff1331f4e128629943a935985af,DELETE,regular-file,src/assets/1723284065508.jpg,11028232,
d83e0d06b25c077d3d0e16307794c07b6dd47e4a,DELETE,regular-file,src/assets/1723284065533.jpg,11556024,
8a8fbfe7df650157749b1ba01e6e8950cac4ce3d,DELETE,regular-file,src/assets/1723284065558.jpg,12584931,
5a7124e55984c6c566090a1e93190a737533f0c3,DELETE,regular-file,src/assets/1723284065583.jpg,13516976,
6fa811a639b677868c3e5c3b0be186ac98c2704f,DELETE,regular-file,src/assets/1723284065611.jpg,7508771,
5d42d7686a7e6dad4f06002210ed6e4308b41d7d,DELETE,regular-file,src/assets/1723284065682.jpg,7387913,
43e0ed8d789145c9e0c0f20694c598b6e1f154da,DELETE,regular-file,src/assets/1723284065705.jpg,11378643,
b1beab88440e09b959b78adc0dc373d24d5ca11d,DELETE,regular-file,src/assets/1723284065754.jpg,5459992,
5d42d7686a7e6dad4f06002210ed6e4308b41d7d,DELETE,regular-file,src/assets/1723284066011.jpg,7387913,
0799a5ded2ccd9dffec0ee382192546203af0f3c,DELETE,regular-file,src/assets/1723284066036.jpg,7720168,
ffbb36fb1052e40468ae50c1be9bc919325781ce,DELETE,regular-file,src/assets/1723284066275.jpg,3853048,
ad90de823cecb000ced3ef5b07174e5a09497b10,DELETE,regular-file,src/assets/1723284066343.jpg,3501937,
aa6832198b5410d04925120675aa151b539c8b81,DELETE,regular-file,src/assets/1723284066411.jpg,3258729,
cc254d737d2278c1906c2a7f1f7074e395fb625c,DELETE,regular-file,src/assets/1723284066709.jpg,8584435,
5baae39a419fc839be044267d7c1fdc72a5e80c0,DELETE,regular-file,src/assets/1723284066801.jpg,4097269,
347c5ff58d8b65342178d3ce10429aeab26fed1d,DELETE,regular-file,src/assets/1723284066892.jpg,3221444,
d6d094e77dd21d960af36c63e0f354d9549f4308,DELETE,regular-file,src/assets/1723284067121.jpg,3733405,
1b0849f2309471861bc76b8f56ec4be8100152dd,DELETE,regular-file,src/assets/DIX.jpg,279692,
c8dcaef1ceb0d08f6bc6ac2fff92e0474e56882f,DELETE,regular-file,src/assets/Goldl.png,36574,
c457f3e8f74090fda534369ccf161e15e97fa295,DELETE,regular-file,src/assets/Goldlogoo.png,21606,
7b045e783787b6a6f32618ce0d81a0fe16cea07b,DELETE,regular-file,src/assets/IMG_94093.jpg,986558,
ee1c960cc471922da94cd42c2629a5f608a8d32e,DELETE,regular-file,src/assets/IMG_9466.jpg,458483,
bdef021882f3f34304c1abb2f5a7caf8ae59abe1,DELETE,regular-file,src/assets/IMG_9469.jpg,1043756,
ebfebf4bc1ee8562e2d873799dd220b13fbb9b25,DELETE,regular-file,src/assets/MD-bespoke-collection.jpg,293031,
4d44476bbe2ac5bed105c23fca0f20c8367c3398,DELETE,regular-file,src/assets/MIX-bespoke-collection.jpg,955294,
fd7ea055735be5a8c666b144a0afd84835237b58,DELETE,regular-file,src/assets/Magnifiscent.jpg,554866,
941d730695c8037a90156c32e071ee05f505dd3e,DELETE,regular-file,src/assets/Modelmitmagnifiscent.jpg,665091,
729d4a026b91ef1b5f2b1a568495850c4d8f0eda,DELETE,regular-file,src/assets/Screenshot 2024-12-17 173611.png,12257,
691b3bb5e00cad7aaa9c03b2e3a4cb1ad2977764,DELETE,regular-file,src/assets/X.jpg,324498,
44e231bdd9382754166091f53c0ab315af736647,DELETE,regular-file,src/assets/bespoke-collection.jpg,879858,
f8138f4f74247c38a138273456b1e0db59547b0c,DELETE,regular-file,src/assets/clement-and-magnifiscent.jpg,324687,
8102f2d5c25c1ce1f530c381b66469527f0e9716,DELETE,regular-file,src/assets/clement-pola.jpg,338287,
464967cd7880802e3f2f0eee32147d3e1702e4f9,DELETE,regular-file,src/assets/clement-shoemodel.jpg,324953,
361ce037ff4e3375faba9f9df0eb7fab3df1ee7a,DELETE,regular-file,src/assets/clement.jpg,1053456,
3f028003900934eee611edb489204ceb8350d084,DELETE,regular-file,src/assets/elixir-alone.jpg,919865,
daaf9690dda7ef86f354702f702b3a663ec87e14,DELETE,regular-file,src/assets/elixir-on-neck.jpg,962626,
eebcd2886d4d7e58dcdc6ee83382e3b5d021d0a7,DELETE,regular-file,src/assets/i-bespoke-collection.jpg,289786,
daf70e97d41960f33280d4419cd15d73e3c36b54,DELETE,regular-file,src/assets/intentiions-with-model.jpg,1291846,
e1f46a0a32a96132ff77edc945dda4c010246cef,DELETE,regular-file,src/assets/intentions-alone.jpg,321010,
d19cc6343089c48877a4e2aa4f15763d175f7823,DELETE,regular-file,src/assets/intentions-in-pocket.jpg,1612531,
8acc4b9d072de7a97c6939c443d680ba71651863,DELETE,regular-file,src/assets/maghorz.jpg,545653,
9511532d4962e10b0944fbd5b844f3bc292cecfb,DELETE,regular-file,src/assets/magnifiscent-alone.jpg,298518,
468f0e3e5989aa35aaaf3492ad1f92b1ce36c583,DELETE,regular-file,src/assets/navbarlogo.png,2731,
a7f4bce52cf49b59d731a0e8f679b4b399540c63,DELETE,regular-file,src/assets/newgold.png,8004,
9ab0c51e5cb429c1bb6d404fd46989579ee7b40f,DELETE,regular-file,src/assets/x&xx polaroid with model.jpg,995988,
3c887b11e14f5b24c46407a0b911c86441715c5c,DELETE,regular-file,src/assets/x&xx-with-model.jpg,978798,
8b5fd51ff150d6067cd3e6dcdbca0905c055b58c,DELETE,regular-file,src/assets/x&xx.jpg,361026,
164bd126e3acc2a4c7606b1af2dfed9d4ba4546b,DELETE,regular-file,src/assets/xxx-bespoke-collection.jpg,288135,
